{"punch": [639, 360, 729.2458297673522], "blue": [1981, 1234, 140.5190226444122], "red": [180, 46, 73.55286024381148], "purple": [2, 0, 103.5], "pb_blue": [122, 32, 128.5006104780855], "jump": [339, 0, 195.03994255263305], "dodge_left": [225, 0, 326.13621409025586], "dodge_right": [160, 0, 588.6005295762086], "domain": [28, 0, 2599.8694169600003]}