{"punch": [801, 456, 537.2388626783304], "blue": [1996, 1234, 715.7547547918788], "red": [225, 62, 294.33936119931565], "purple": [2, 0, 103.5], "pb_blue": [152, 42, 365.2258150016133], "jump": [408, 0, 1258.2318309363066], "dodge_left": [255, 0, 357.9477203438826], "dodge_right": [190, 0, 955.8838606788901], "domain": [34, 0, 652.1391067136001]}