{"punch": [603, 340, 46.00025512354117], "blue": [1693, 1050, 65.82784725615504], "red": [150, 36, 764.4715024135306], "purple": [2, 0, 103.5], "pb_blue": [110, 28, 156.55509680021356], "jump": [300, 0, 131.881813916937], "dodge_left": [210, 0, 54.489657251547314], "dodge_right": [145, 0, 1415.5829664266194], "domain": [19, 0, 716.5846399999999]}